Keyword,URL
Bauchfett reduzieren, https://www.janbahmann.de/blog/bauchfett-arten
Bauchfett Arten, https://www.janbahmann.de/blog/bauchfett-arten
Körperfett verlieren, https://www.janbahmann.de/blog/bauchfett-arten
Viszerales Fett, https://www.janbahmann.de/blog/bauchfett-arten
Subkutanes Fett, https://www.janbahmann.de/blog/bauchfett-arten
Bauchfett, https://www.janbahmann.de/blog/bauchfett-arten
Körperfett, https://www.janbahmann.de/blog/bauchfett-arten
Viszeral, https://www.janbahmann.de/blog/bauchfett-arten
Subkutan, https://www.janbahmann.de/blog/bauchfett-arten
Kaffee abnehmen, https://www.janbahmann.de/blog/kaffee-zum-abnehmen
Koffein abnehmen, https://www.janbahmann.de/blog/kaffee-zum-abnehmen
Fettverbrennung Kaffee, https://www.janbahmann.de/blog/kaffee-zum-abnehmen
Kaffee Kalorien, https://www.janbahmann.de/blog/kaffee-zum-abnehmen
Kaffee Diät, https://www.janbahmann.de/blog/kaffee-zum-abnehmen
Kaffee, https://www.janbahmann.de/blog/kaffee-zum-abnehmen
Koffein, https://www.janbahmann.de/blog/kaffee-zum-abnehmen
Gesund abnehmen, https://www.janbahmann.de/blog/gesund-abnehmen
Abnehmen Tipps, https://www.janbahmann.de/blog/gesund-abnehmen
Nachhaltig abnehmen, https://www.janbahmann.de/blog/gesund-abnehmen
Gesundes Gewicht, https://www.janbahmann.de/blog/gesund-abnehmen
Diät Gesundheit, https://www.janbahmann.de/blog/gesund-abnehmen
Abnehmen, https://www.janbahmann.de/blog/gesund-abnehmen
Gesund, https://www.janbahmann.de/blog/gesund-abnehmen
Diät, https://www.janbahmann.de/blog/gesund-abnehmen
Übergewicht Ursachen, https://www.janbahmann.de/glossar/uebergewicht
Übergewicht Folgen, https://www.janbahmann.de/glossar/uebergewicht
Übergewicht Definition, https://www.janbahmann.de/glossar/uebergewicht
Adipositas Symptome, https://www.janbahmann.de/glossar/uebergewicht
Übergewicht bekämpfen, https://www.janbahmann.de/glossar/uebergewicht
Übergewicht, https://www.janbahmann.de/glossar/uebergewicht
Adipositas, https://www.janbahmann.de/glossar/uebergewicht
Gewicht, https://www.janbahmann.de/glossar/uebergewicht
Ursachen, https://www.janbahmann.de/glossar/uebergewicht
Gesundheit, https://www.janbahmann.de/glossar/uebergewicht
Ballaststoffe Wirkung, https://www.janbahmann.de/glossar/ballaststoffe
Ballaststoffreiche Ernährung, https://www.janbahmann.de/glossar/ballaststoffe
Ballaststoffe Vorteile, https://www.janbahmann.de/glossar/ballaststoffe
Ballaststoffe Abnehmen, https://www.janbahmann.de/glossar/ballaststoffe
Ballaststoffe Gesundheit, https://www.janbahmann.de/glossar/ballaststoffe
Ballaststoffe, https://www.janbahmann.de/glossar/ballaststoffe
Verdauung, https://www.janbahmann.de/glossar/ballaststoffe
Fitter werden, https://www.janbahmann.de/blog/fitter-werden
Fitness Tipps, https://www.janbahmann.de/blog/fitter-werden
Fitness Ziele, https://www.janbahmann.de/blog/fitter-werden
Training Motivation, https://www.janbahmann.de/blog/fitter-werden
Sport Gesundheit, https://www.janbahmann.de/blog/fitter-werden
Fitness, https://www.janbahmann.de/blog/fitter-werden
Training, https://www.janbahmann.de/blog/fitter-werden
Motivation, https://www.janbahmann.de/blog/fitter-werden
Sport, https://www.janbahmann.de/blog/fitter-werden
Protein Kuchen, https://www.janbahmann.de/blog/kit-kat-peanutbutter-proteincake
Kit Kat Rezept, https://www.janbahmann.de/blog/kit-kat-peanutbutter-proteincake
Peanutbutter Kuchen, https://www.janbahmann.de/blog/kit-kat-peanutbutter-proteincake
Fitness Rezept, https://www.janbahmann.de/blog/kit-kat-peanutbutter-proteincake
Protein Dessert, https://www.janbahmann.de/blog/kit-kat-peanutbutter-proteincake
Protein, https://www.janbahmann.de/blog/kit-kat-peanutbutter-proteincake
Kuchen, https://www.janbahmann.de/blog/kit-kat-peanutbutter-proteincake
Rezept, https://www.janbahmann.de/blog/kit-kat-peanutbutter-proteincake
Peanutbutter, https://www.janbahmann.de/blog/kit-kat-peanutbutter-proteincake
Dessert, https://www.janbahmann.de/blog/kit-kat-peanutbutter-proteincake
Nahrungsergänzungsmittel Abnehmen, https://www.janbahmann.de/blog/nahrungsergaenzungsmittel-zum-abnehmen
Abnehmen Supplemente, https://www.janbahmann.de/blog/nahrungsergaenzungsmittel-zum-abnehmen
Fettabbau Mittel, https://www.janbahmann.de/blog/nahrungsergaenzungsmittel-zum-abnehmen
Diät Ergänzung, https://www.janbahmann.de/blog/nahrungsergaenzungsmittel-zum-abnehmen
Supplemente, https://www.janbahmann.de/blog/nahrungsergaenzungsmittel-zum-abnehmen
Fettabbau, https://www.janbahmann.de/blog/nahrungsergaenzungsmittel-zum-abnehmen
Mittel, https://www.janbahmann.de/blog/nahrungsergaenzungsmittel-zum-abnehmen
Cardio Training, https://www.janbahmann.de/blog/cardio-oder-krafttraining
Krafttraining Vorteile, https://www.janbahmann.de/blog/cardio-oder-krafttraining
Cardio Vorteile, https://www.janbahmann.de/blog/cardio-oder-krafttraining
Training Vergleich, https://www.janbahmann.de/blog/cardio-oder-krafttraining
Fettverbrennung Training, https://www.janbahmann.de/blog/cardio-oder-krafttraining
Cardio, https://www.janbahmann.de/blog/cardio-oder-krafttraining
Krafttraining, https://www.janbahmann.de/blog/cardio-oder-krafttraining
Fettverbrennung, https://www.janbahmann.de/blog/cardio-oder-krafttraining
Ernährungsanalyse Vorteile, https://www.janbahmann.de/ernaehrung/ernaehrungsanalyse
Ernährung optimieren, https://www.janbahmann.de/ernaehrung/ernaehrungsanalyse
Ernährung Gesundheit, https://www.janbahmann.de/ernaehrung/ernaehrungsanalyse
Analyse Ernährung, https://www.janbahmann.de/ernaehrung/ernaehrungsanalyse
Ernährungsberatung Tipps, https://www.janbahmann.de/ernaehrung/ernaehrungsanalyse
Ernährungsanalyse, https://www.janbahmann.de/ernaehrung/ernaehrungsanalyse
Analyse, https://www.janbahmann.de/ernaehrung/ernaehrungsanalyse
Beratung, https://www.janbahmann.de/ernaehrung/ernaehrungsanalyse
Aminosäuren Funktionen, https://www.janbahmann.de/glossar/aminosaeuren
Aminosäuren Vorteile, https://www.janbahmann.de/glossar/aminosaeuren
Essentielle Aminosäuren, https://www.janbahmann.de/glossar/aminosaeuren
Aminosäuren Muskelaufbau, https://www.janbahmann.de/glossar/aminosaeuren
Proteine, https://www.janbahmann.de/glossar/aminosaeuren
Muskelaufbau, https://www.janbahmann.de/glossar/aminosaeuren
Sättigungsgefühl Tipps, https://www.janbahmann.de/blog/ueber-den-hunger-essen-und-saettigungsgefuehl-verlieren-abnehm-coach-gibt-8-tipps-wie-man-trotz-diaet-satt-bleibt
Hunger kontrollieren, https://www.janbahmann.de/blog/ueber-den-hunger-essen-und-saettigungsgefuehl-verlieren-abnehm-coach-gibt-8-tipps-wie-man-trotz-diaet-satt-bleibt
Abnehm Coach, https://www.janbahmann.de/blog/ueber-den-hunger-essen-und-saettigungsgefuehl-verlieren-abnehm-coach-gibt-8-tipps-wie-man-trotz-diaet-satt-bleibt
Satt bleiben, https://www.janbahmann.de/blog/ueber-den-hunger-essen-und-saettigungsgefuehl-verlieren-abnehm-coach-gibt-8-tipps-wie-man-trotz-diaet-satt-bleibt
Diät Sättigung, https://www.janbahmann.de/blog/ueber-den-hunger-essen-und-saettigungsgefuehl-verlieren-abnehm-coach-gibt-8-tipps-wie-man-trotz-diaet-satt-bleibt
Sättigungsgefühl, https://www.janbahmann.de/blog/ueber-den-hunger-essen-und-saettigungsgefuehl-verlieren-abnehm-coach-gibt-8-tipps-wie-man-trotz-diaet-satt-bleibt
Hunger, https://www.janbahmann.de/blog/ueber-den-hunger-essen-und-saettigungsgefuehl-verlieren-abnehm-coach-gibt-8-tipps-wie-man-trotz-diaet-satt-bleibt
Trend Diäten, https://www.janbahmann.de/blog/trend-diaeten-2022-welche-abnehmtricks-nur-leere-versprechen-sind-und-worauf-man-wirklich-achten-sollten
Abnehmtricks 2022, https://www.janbahmann.de/blog/trend-diaeten-2022-welche-abnehmtricks-nur-leere-versprechen-sind-und-worauf-man-wirklich-achten-sollten
Diät Trends, https://www.janbahmann.de/blog/trend-diaeten-2022-welche-abnehmtricks-nur-leere-versprechen-sind-und-worauf-man-wirklich-achten-sollten
Diäten Versprechen, https://www.janbahmann.de/blog/trend-diaeten-2022-welche-abnehmtricks-nur-leere-versprechen-sind-und-worauf-man-wirklich-achten-sollten
Schlaf Abnehmen, https://www.janbahmann.de/blog/so-wichtig-ist-schlaf-fuer-deinen-abnehmerfolg
Abnehmerfolg Schlaf, https://www.janbahmann.de/blog/so-wichtig-ist-schlaf-fuer-deinen-abnehmerfolg
Schlafqualität Diät, https://www.janbahmann.de/blog/so-wichtig-ist-schlaf-fuer-deinen-abnehmerfolg
Schlaf Tipps, https://www.janbahmann.de/blog/so-wichtig-ist-schlaf-fuer-deinen-abnehmerfolg
Schlaf Gesundheit, https://www.janbahmann.de/blog/so-wichtig-ist-schlaf-fuer-deinen-abnehmerfolg
Schlaf, https://www.janbahmann.de/blog/so-wichtig-ist-schlaf-fuer-deinen-abnehmerfolg
Intuitives Essen, https://www.janbahmann.de/blog/intuitives-essen
Essverhalten verbessern, https://www.janbahmann.de/blog/intuitives-essen
Hunger Sättigung, https://www.janbahmann.de/blog/intuitives-essen
Essgewohnheiten ändern, https://www.janbahmann.de/blog/intuitives-essen
Achtsames Essen, https://www.janbahmann.de/blog/intuitives-essen
Essen, https://www.janbahmann.de/blog/intuitives-essen
Achtsamkeit, https://www.janbahmann.de/blog/intuitives-essen
Probiotika Abnehmen, https://www.janbahmann.de/blog/probiotika-zum-abnehmen
Darmgesundheit Probiotika, https://www.janbahmann.de/blog/probiotika-zum-abnehmen
Probiotische Ernährung, https://www.janbahmann.de/blog/probiotika-zum-abnehmen
Gewicht reduzieren, https://www.janbahmann.de/blog/probiotika-zum-abnehmen
Probiotika Wirkung, https://www.janbahmann.de/blog/probiotika-zum-abnehmen
Probiotika, https://www.janbahmann.de/blog/probiotika-zum-abnehmen
Cellulite bekämpfen, https://www.janbahmann.de/blog/cellulite-bekaempfen
Hautstraffung Tipps, https://www.janbahmann.de/blog/cellulite-bekaempfen
Cellulite Ursachen, https://www.janbahmann.de/blog/cellulite-bekaempfen
Hautpflege Cellulite, https://www.janbahmann.de/blog/cellulite-bekaempfen
Fettabbau Cellulite, https://www.janbahmann.de/blog/cellulite-bekaempfen
Cellulite, https://www.janbahmann.de/blog/cellulite-bekaempfen
Haut, https://www.janbahmann.de/blog/cellulite-bekaempfen
Straffung, https://www.janbahmann.de/blog/cellulite-bekaempfen
Omega-3-Fettsäuren, https://www.janbahmann.de/glossar/omega-3-fettsaeuren
Omega-3 Wirkung, https://www.janbahmann.de/glossar/omega-3-fettsaeuren
Omega-3 Quellen, https://www.janbahmann.de/glossar/omega-3-fettsaeuren
Fettsäuren Gesundheit, https://www.janbahmann.de/glossar/omega-3-fettsaeuren
Herzgesundheit Omega-3, https://www.janbahmann.de/glossar/omega-3-fettsaeuren
Omega-3, https://www.janbahmann.de/glossar/omega-3-fettsaeuren
Fettsäuren, https://www.janbahmann.de/glossar/omega-3-fettsaeuren
Ernährung, https://www.janbahmann.de/glossar/omega-3-fettsaeuren
Herz, https://www.janbahmann.de/glossar/omega-3-fettsaeuren
Ernährungscoach Beratung, https://www.janbahmann.de/ernaehrung/ernaehrungscoach
Ernährung verbessern, https://www.janbahmann.de/ernaehrung/ernaehrungscoach
Gesunde Ernährung, https://www.janbahmann.de/ernaehrung/ernaehrungscoach
Diät Coaching, https://www.janbahmann.de/ernaehrung/ernaehrungscoach
Ernährungscoach, https://www.janbahmann.de/ernaehrung/ernaehrungscoach
Coaching, https://www.janbahmann.de/ernaehrung/ernaehrungscoach
Gesundes Frühstück, https://www.janbahmann.de/blog/fruehstueck-zum-abnehmen
Abnehmen Frühstück, https://www.janbahmann.de/blog/fruehstueck-zum-abnehmen
Frühstück Rezepte, https://www.janbahmann.de/blog/fruehstueck-zum-abnehmen
Kalorienarmes Frühstück, https://www.janbahmann.de/blog/fruehstueck-zum-abnehmen
Frühstück Abnehmen, https://www.janbahmann.de/blog/fruehstueck-zum-abnehmen
Frühstück, https://www.janbahmann.de/blog/fruehstueck-zum-abnehmen
Kalorien, https://www.janbahmann.de/blog/fruehstueck-zum-abnehmen
Rezepte, https://www.janbahmann.de/blog/fruehstueck-zum-abnehmen
Blutzucker senken, https://www.janbahmann.de/blog/blutzucker-senken
Blutzucker Kontrolle, https://www.janbahmann.de/blog/blutzucker-senken
Ernährung Blutzucker, https://www.janbahmann.de/blog/blutzucker-senken
Zucker Senkung, https://www.janbahmann.de/blog/blutzucker-senken
Diabetes Prävention, https://www.janbahmann.de/blog/blutzucker-senken
Blutzucker, https://www.janbahmann.de/blog/blutzucker-senken
Senken, https://www.janbahmann.de/blog/blutzucker-senken
Zucker, https://www.janbahmann.de/blog/blutzucker-senken
Stoffwechseltypen Ernährung, https://www.janbahmann.de/blog/stoffwechseltypen
Stoffwechsel Typen, https://www.janbahmann.de/blog/stoffwechseltypen
Stoffwechsel Unterschiede, https://www.janbahmann.de/blog/stoffwechseltypen
Metabolismus Typen, https://www.janbahmann.de/blog/stoffwechseltypen
Metabolismus, https://www.janbahmann.de/blog/stoffwechseltypen
Stoffwechsel, https://www.janbahmann.de/blog/stoffwechseltypen
Fasten Diät, https://www.janbahmann.de/blog/fasten-oder-diaet
Diät Methoden, https://www.janbahmann.de/blog/fasten-oder-diaet
Fasten Vorteile, https://www.janbahmann.de/blog/fasten-oder-diaet
Abnehmen Fasten, https://www.janbahmann.de/blog/fasten-oder-diaet
Fasten Abnehmen, https://www.janbahmann.de/blog/fasten-oder-diaet
Fasten, https://www.janbahmann.de/blog/fasten-oder-diaet
Heilfasten Vorteile, https://www.janbahmann.de/blog/heilfasten
Fastenkur Gesundheit, https://www.janbahmann.de/blog/heilfasten
Fasten Methoden, https://www.janbahmann.de/blog/heilfasten
Heilfasten Anleitung, https://www.janbahmann.de/blog/heilfasten
Heilfasten Erfahrungen, https://www.janbahmann.de/blog/heilfasten
Heilfasten, https://www.janbahmann.de/blog/heilfasten
EMS Abnehmen, https://www.janbahmann.de/blog/abnehmen-ems
EMS Training, https://www.janbahmann.de/blog/abnehmen-ems
Elektrostimulation Abnehmen, https://www.janbahmann.de/blog/abnehmen-ems
EMS Vorteile, https://www.janbahmann.de/blog/abnehmen-ems
EMS Methode, https://www.janbahmann.de/blog/abnehmen-ems
EMS, https://www.janbahmann.de/blog/abnehmen-ems
Elektrostimulation, https://www.janbahmann.de/blog/abnehmen-ems
Bauchfett verlieren, https://www.janbahmann.de/blog/bauchfett-verlieren-als-frau
Frau Bauchfett, https://www.janbahmann.de/blog/bauchfett-verlieren-als-frau
Fettabbau Frauen, https://www.janbahmann.de/blog/bauchfett-verlieren-als-frau
Bauchmuskeln Training, https://www.janbahmann.de/blog/bauchfett-verlieren-als-frau
Frau Abnehmen, https://www.janbahmann.de/blog/bauchfett-verlieren-als-frau
Laktoseintoleranz Symptome, https://www.janbahmann.de/glossar/laktoseintoleranz
Laktoseintoleranz Ursachen, https://www.janbahmann.de/glossar/laktoseintoleranz
Laktosefreies Essen, https://www.janbahmann.de/glossar/laktoseintoleranz
Laktose Unverträglichkeit, https://www.janbahmann.de/glossar/laktoseintoleranz
Milchprodukte Laktose, https://www.janbahmann.de/glossar/laktoseintoleranz
Laktose, https://www.janbahmann.de/glossar/laktoseintoleranz
Intoleranz, https://www.janbahmann.de/glossar/laktoseintoleranz
Unverträglichkeit, https://www.janbahmann.de/glossar/laktoseintoleranz
Milch, https://www.janbahmann.de/glossar/laktoseintoleranz
Bauchfett Botenstoffe, https://www.janbahmann.de/glossar/bauchfett-botenstoff
Fettgewebe Hormone, https://www.janbahmann.de/glossar/bauchfett-botenstoff
Entzündungen Bauchfett, https://www.janbahmann.de/glossar/bauchfett-botenstoff
Bauchfett Gesundheit, https://www.janbahmann.de/glossar/bauchfett-botenstoff
Bitterstoffe Abnehmen, https://www.janbahmann.de/blog/bitterstoffe-abnehmen
Stoffwechsel anregen, https://www.janbahmann.de/blog/bitterstoffe-abnehmen
Bitterstoffe Vorteile, https://www.janbahmann.de/blog/bitterstoffe-abnehmen
Appetit zügeln, https://www.janbahmann.de/blog/bitterstoffe-abnehmen
Bitterstoffe Diät, https://www.janbahmann.de/blog/bitterstoffe-abnehmen
Bitterstoffe, https://www.janbahmann.de/blog/bitterstoffe-abnehmen
Eisenmangel, https://www.janbahmann.de/blog/eisenmangel-folgen-gewicht
Freie Radikale, https://www.janbahmann.de/glossar/freie-radikale
Oxidativer Stress, https://www.janbahmann.de/glossar/freie-radikale
Zellschutz Antioxidantien, https://www.janbahmann.de/glossar/freie-radikale
Radikale Gesundheit, https://www.janbahmann.de/glossar/freie-radikale
Freie Schäden, https://www.janbahmann.de/glossar/freie-radikale
Radikale, https://www.janbahmann.de/glossar/freie-radikale
Stress, https://www.janbahmann.de/glossar/freie-radikale
Zellschutz, https://www.janbahmann.de/glossar/freie-radikale
Antioxidantien, https://www.janbahmann.de/glossar/freie-radikale
Proteine Abnehmen, https://www.janbahmann.de/blog/proteine-zum-abnehmen
Eiweiß Diät, https://www.janbahmann.de/blog/proteine-zum-abnehmen
Muskelaufbau Eiweiß, https://www.janbahmann.de/blog/proteine-zum-abnehmen
Proteinreiche Ernährung, https://www.janbahmann.de/blog/proteine-zum-abnehmen
Sättigung Proteine, https://www.janbahmann.de/blog/proteine-zum-abnehmen
Vegetarisch, https://www.janbahmann.de/blog/vegetarisch-abnehmen
Vegetarisch Abnehmen, https://www.janbahmann.de/blog/vegetarisch-abnehmen
Metabolismus erhöhen, https://www.janbahmann.de/glossar/stoffwechsel
Energieverbrauch steigern, https://www.janbahmann.de/glossar/stoffwechsel
Energie, https://www.janbahmann.de/glossar/stoffwechsel
Peanutbutter Brot, https://www.janbahmann.de/blog/peanutbutter-fruehstuecksbrot
Proteinreicher Snack, https://www.janbahmann.de/blog/peanutbutter-fruehstuecksbrot
Kalorien Erdbeeren, https://www.janbahmann.de/glossar/wie-viele-kalorien-haben-erdbeeren
Erdbeeren Nährwerte, https://www.janbahmann.de/glossar/wie-viele-kalorien-haben-erdbeeren
Erdbeeren Diät, https://www.janbahmann.de/glossar/wie-viele-kalorien-haben-erdbeeren
Erdbeeren, https://www.janbahmann.de/glossar/wie-viele-kalorien-haben-erdbeeren
Apfel Kalorien, https://www.janbahmann.de/glossar/kalorien-apfel
Apfel Nährwerte, https://www.janbahmann.de/glossar/kalorien-apfel
Apfel Diät, https://www.janbahmann.de/glossar/kalorien-apfel
Apfel, https://www.janbahmann.de/glossar/kalorien-apfel
Fettverbrennung erhöhen, https://www.janbahmann.de/blog/fettverbrennung
Abnehmen Fett, https://www.janbahmann.de/blog/fettverbrennung
Fettverbrennung Tipps, https://www.janbahmann.de/blog/fettverbrennung
Wechseljahre Symptome, https://www.janbahmann.de/wechseljahre-guide
Wechseljahre Tipps, https://www.janbahmann.de/wechseljahre-guide
Wechseljahre Ernährung, https://www.janbahmann.de/wechseljahre-guide
Wechseljahre, https://www.janbahmann.de/wechseljahre-guide
Laktoseintoleranz Gewicht, https://www.janbahmann.de/blog/laktoseintoleranz-gewichtszunahme
Gewichtszunahme Ursachen, https://www.janbahmann.de/blog/laktoseintoleranz-gewichtszunahme
Laktoseintoleranz, https://www.janbahmann.de/blog/laktoseintoleranz-gewichtszunahme
Kalorien Zählen, https://www.janbahmann.de/blog/kalorien-zaehlen
Abnehmen Kalorien, https://www.janbahmann.de/blog/kalorien-zaehlen
Kalorien Berechnung, https://www.janbahmann.de/blog/kalorien-zaehlen
Homöostase erklären, https://www.janbahmann.de/glossar/homoeostase
Körper Gleichgewicht, https://www.janbahmann.de/glossar/homoeostase
Homöostase Funktionen, https://www.janbahmann.de/glossar/homoeostase
Homöostase, https://www.janbahmann.de/glossar/homoeostase
Gleichgewicht, https://www.janbahmann.de/glossar/homoeostase
Schilddrüsenüberfunktion Symptome, https://www.janbahmann.de/glossar/schilddruesenueberfunktion
Schilddrüse Behandlung, https://www.janbahmann.de/glossar/schilddruesenueberfunktion
Schilddrüsen Hormone, https://www.janbahmann.de/glossar/schilddruesenueberfunktion
Schilddrüsenüberfunktion, https://www.janbahmann.de/glossar/schilddruesenueberfunktion
Grüner Tee Abnehmen, https://www.janbahmann.de/blog/gruener-tee-abnehmen
Tee Fettverbrennung, https://www.janbahmann.de/blog/gruener-tee-abnehmen
Grüner Tee, https://www.janbahmann.de/blog/gruener-tee-abnehmen
Hormonspiegel Frau, https://www.janbahmann.de/glossar/hormonspiegel-der-frau
Hormonbalance Frauen, https://www.janbahmann.de/glossar/hormonspiegel-der-frau
Frau Hormone, https://www.janbahmann.de/glossar/hormonspiegel-der-frau
Hormonspiegel, https://www.janbahmann.de/glossar/hormonspiegel-der-frau
Frau, https://www.janbahmann.de/glossar/hormonspiegel-der-frau
Hormone, https://www.janbahmann.de/glossar/hormonspiegel-der-frau
Viszeralfett reduzieren, https://www.janbahmann.de/blog/viszeralfett
Bauchfett bekämpfen, https://www.janbahmann.de/blog/viszeralfett
Gesund Abnehmen, https://www.janbahmann.de/blog/viszeralfett
Viszeralfett, https://www.janbahmann.de/blog/viszeralfett
80/20 Regel, https://www.janbahmann.de/blog/80-20-ernaehrung
Ausgewogene Ernährung, https://www.janbahmann.de/blog/80-20-ernaehrung
Aminosäuren Definition, https://www.janbahmann.de/glossar/entbehrliche-aminosaeuren
Entbehrliche Aminosäuren, https://www.janbahmann.de/glossar/entbehrliche-aminosaeuren
Proteine Körper, https://www.janbahmann.de/glossar/entbehrliche-aminosaeuren
Aminosäuren, https://www.janbahmann.de/glossar/entbehrliche-aminosaeuren
Hormonersatz Therapie, https://www.janbahmann.de/glossar/hormonersatztherapie
Wechseljahre Hormone, https://www.janbahmann.de/glossar/hormonersatztherapie
Hormontherapie Frauen, https://www.janbahmann.de/glossar/hormonersatztherapie
Hormonersatz, https://www.janbahmann.de/glossar/hormonersatztherapie
Therapie, https://www.janbahmann.de/glossar/hormonersatztherapie
Hüftspeck reduzieren, https://www.janbahmann.de/blog/hueftspeck-loswerden
Fettabbau Hüfte, https://www.janbahmann.de/blog/hueftspeck-loswerden
Bauch Beine Po, https://www.janbahmann.de/blog/hueftspeck-loswerden
Hüftspeck, https://www.janbahmann.de/blog/hueftspeck-loswerden
Hüfte, https://www.janbahmann.de/blog/hueftspeck-loswerden
Grundnahrungsmittel Liste, https://www.janbahmann.de/glossar/grundnahrungsmittel
Wichtige Lebensmittel, https://www.janbahmann.de/glossar/grundnahrungsmittel
Tägliche Ernährung, https://www.janbahmann.de/glossar/grundnahrungsmittel
Grundnahrungsmittel, https://www.janbahmann.de/glossar/grundnahrungsmittel
Abends essen, https://www.janbahmann.de/blog/deswegen-solltest-du-abends-essen
Abendmahlzeit Tipps, https://www.janbahmann.de/blog/deswegen-solltest-du-abends-essen
Abends, https://www.janbahmann.de/blog/deswegen-solltest-du-abends-essen
Abnehmen Wechseljahre, https://www.janbahmann.de/blog/abnehmen-in-den-wechseljahren
Gewichtsverlust Tipps, https://www.janbahmann.de/blog/abnehmen-in-den-wechseljahren
Hormonelle Veränderungen, https://www.janbahmann.de/blog/abnehmen-in-den-wechseljahren
Gewichtszunahme Wechseljahre, https://www.janbahmann.de/blog/gewichtszunahme-wechseljahren
Hormonelle Umstellung, https://www.janbahmann.de/blog/gewichtszunahme-wechseljahren
Gewicht Kontrolle, https://www.janbahmann.de/blog/gewichtszunahme-wechseljahren
Apfelessig Diät, https://www.janbahmann.de/blog/apfelessig-abnehmen
Fettverbrennung Apfelessig, https://www.janbahmann.de/blog/apfelessig-abnehmen
Apfelessig Abnehmen, https://www.janbahmann.de/blog/apfelessig-abnehmen
Apfelessig, https://www.janbahmann.de/blog/apfelessig-abnehmen
Selen Gewichtsregulation, https://www.janbahmann.de/blog/selen-einfluss-auf-gewicht
Selen Abnehmen, https://www.janbahmann.de/blog/selen-einfluss-auf-gewicht
Spurenelemente Gewicht, https://www.janbahmann.de/blog/selen-einfluss-auf-gewicht
Selen, https://www.janbahmann.de/blog/selen-einfluss-auf-gewicht
Untergewicht Ursachen, https://www.janbahmann.de/glossar/untergewicht
Untergewicht Symptome, https://www.janbahmann.de/glossar/untergewicht
Gewichtszunahme Tipps, https://www.janbahmann.de/glossar/untergewicht
Untergewicht, https://www.janbahmann.de/glossar/untergewicht
Lebensmittel Zusatzstoffe, https://www.janbahmann.de/glossar/zusatzstoffe
Künstliche Zusatzstoffe, https://www.janbahmann.de/glossar/zusatzstoffe
Zusatzstoffe Gesundheit, https://www.janbahmann.de/glossar/zusatzstoffe
Zusatzstoffe, https://www.janbahmann.de/glossar/zusatzstoffe
Leistungsumsatz berechnen, https://www.janbahmann.de/glossar/leistungsumsatz
Kalorienverbrauch erhöhen, https://www.janbahmann.de/glossar/leistungsumsatz
Energiebedarf Sport, https://www.janbahmann.de/glossar/leistungsumsatz
Leistungsumsatz, https://www.janbahmann.de/glossar/leistungsumsatz
Kalorienverbrauch, https://www.janbahmann.de/glossar/leistungsumsatz
Fettverbrennung Puls, https://www.janbahmann.de/blog/fettverbrennung-puls
Optimaler Puls, https://www.janbahmann.de/blog/fettverbrennung-puls
Herzfrequenz Abnehmen, https://www.janbahmann.de/blog/fettverbrennung-puls
Puls, https://www.janbahmann.de/blog/fettverbrennung-puls
Keto Diätplan, https://www.janbahmann.de/blog/keto-diaet
Kohlenhydratarme Ernährung, https://www.janbahmann.de/blog/keto-diaet
Ketogene Diät, https://www.janbahmann.de/blog/keto-diaet
Keto, https://www.janbahmann.de/blog/keto-diaet
Abnehmen Diätplan, https://www.janbahmann.de/blog/kaloriendefizit-abnehmen
Fettabbau Tipps, https://www.janbahmann.de/blog/kaloriendefizit-abnehmen
Kaloriendefizit, https://www.janbahmann.de/blog/kaloriendefizit-abnehmen
Natürliche Appetitzügler, https://www.janbahmann.de/blog/appetitzuegler
Appetitzügler Wirkung, https://www.janbahmann.de/blog/appetitzuegler
Appetit Kontrolle, https://www.janbahmann.de/blog/appetitzuegler
Appetitzügler, https://www.janbahmann.de/blog/appetitzuegler
Ei Kalorien, https://www.janbahmann.de/glossar/wie-viele-kalorien-hat-ein-ei
Nährwerte Ei, https://www.janbahmann.de/glossar/wie-viele-kalorien-hat-ein-ei
Kalorien Eiweiß, https://www.janbahmann.de/glossar/wie-viele-kalorien-hat-ein-ei
Ei, https://www.janbahmann.de/glossar/wie-viele-kalorien-hat-ein-ei
Zitronenwasser Diät, https://www.janbahmann.de/blog/zitronenwasser-abnehmen
Fettverbrennung Zitrone, https://www.janbahmann.de/blog/zitronenwasser-abnehmen
Zitronenwasser, https://www.janbahmann.de/blog/zitronenwasser-abnehmen
Zitrone, https://www.janbahmann.de/blog/zitronenwasser-abnehmen
Ernährungsberater Online, https://www.janbahmann.de/ernaehrung/ernaehrungsberater-online-nachhaltig-abnehmen
Nachhaltig Abnehmen, https://www.janbahmann.de/ernaehrung/ernaehrungsberater-online-nachhaltig-abnehmen
Gesunde Beratung, https://www.janbahmann.de/ernaehrung/ernaehrungsberater-online-nachhaltig-abnehmen
Ernährungsberater, https://www.janbahmann.de/ernaehrung/ernaehrungsberater-online-nachhaltig-abnehmen
Abnehmen Muskeln, https://www.janbahmann.de/blog/abnehmen-und-muskeln-aufbauen
Muskelaufbau Ernährung, https://www.janbahmann.de/blog/abnehmen-und-muskeln-aufbauen
Fettabbau Training, https://www.janbahmann.de/blog/abnehmen-und-muskeln-aufbauen
Muskeln, https://www.janbahmann.de/blog/abnehmen-und-muskeln-aufbauen
Resorption Nährstoffe, https://www.janbahmann.de/glossar/resorption
Verdauung Resorption, https://www.janbahmann.de/glossar/resorption
Nährstoffaufnahme Körper, https://www.janbahmann.de/glossar/resorption
Resorption, https://www.janbahmann.de/glossar/resorption
Gewicht Stabilisieren, https://www.janbahmann.de/blog/gewicht-halten
Langfristiger Erfolg, https://www.janbahmann.de/blog/gewicht-halten
Ernährungsplan Frauen, https://www.janbahmann.de/ernaehrung/ernaehrungsplan-zum-abnehmen-frauen
Abnehmen Diät, https://www.janbahmann.de/ernaehrung/ernaehrungsplan-zum-abnehmen-frauen
Ernährungsplan, https://www.janbahmann.de/ernaehrung/ernaehrungsplan-zum-abnehmen-frauen
Kurkuma Abnehmen, https://www.janbahmann.de/blog/kurkuma-wirkung-abnehmen
Kurkuma Wirkung, https://www.janbahmann.de/blog/kurkuma-wirkung-abnehmen
Fettverbrennung Kurkuma, https://www.janbahmann.de/blog/kurkuma-wirkung-abnehmen
Kurkuma, https://www.janbahmann.de/blog/kurkuma-wirkung-abnehmen
Fahrradfahren Fitness, https://www.janbahmann.de/blog/fahrradfahren-abnehmen
Fahrrad, https://www.janbahmann.de/blog/fahrradfahren-abnehmen
Abnehmen Sport, https://www.janbahmann.de/blog/fahrradfahren-abnehmen
Kalorienverbrauch Fahrrad, https://www.janbahmann.de/blog/fahrradfahren-abnehmen
Fahrradfahren, https://www.janbahmann.de/blog/fahrradfahren-abnehmen
Schilddrüsenunterfunktion Abnehmen, https://www.janbahmann.de/abnehmen/schilddruesenunterfunktion
Stoffwechsel Anregen, https://www.janbahmann.de/abnehmen/schilddruesenunterfunktion
Hormonelle Probleme, https://www.janbahmann.de/abnehmen/schilddruesenunterfunktion
Schilddrüsenunterfunktion, https://www.janbahmann.de/abnehmen/schilddruesenunterfunktion
Glukose Bedeutung, https://www.janbahmann.de/glossar/glukose
Glukose Stoffwechsel, https://www.janbahmann.de/glossar/glukose
Glukose, https://www.janbahmann.de/glossar/glukose
Abnehmen Genuss, https://www.janbahmann.de/blog/abnehmen-ohne-verzicht
Ernährung Balance, https://www.janbahmann.de/blog/abnehmen-ohne-verzicht
Gesundes Abnehmen, https://www.janbahmann.de/blog/abnehmen-ohne-
Genuss, https://www.janbahmann.de/blog/abnehmen-ohne-verzicht
Natrium Bedeutung, https://www.janbahmann.de/glossar/natrium
Natrium Aufnahme, https://www.janbahmann.de/glossar/natrium
Elektrolyte Balance, https://www.janbahmann.de/glossar/natrium
Natrium, https://www.janbahmann.de/glossar/natrium
Elektrolyte, https://www.janbahmann.de/glossar/natrium
Abnehmprogramm Frauen, https://www.janbahmann.de/abnehmen/abnehmprogramm-frauen
Frauen Diät, https://www.janbahmann.de/abnehmen/abnehmprogramm-frauen
Gewicht verlieren, https://www.janbahmann.de/abnehmen/abnehmprogramm-frauen
Abnehmprogramm, https://www.janbahmann.de/abnehmen/abnehmprogramm-frauen
Transfettsäuren Risiken, https://www.janbahmann.de/glossar/transfettsaeuren
Gesunde Fette, https://www.janbahmann.de/glossar/transfettsaeuren
Ernährung Transfette, https://www.janbahmann.de/glossar/transfettsaeuren
Transfettsäuren, https://www.janbahmann.de/glossar/transfettsaeuren
Hula Hoop Training, https://www.janbahmann.de/blog/hula-hoop-abnehmen
Hula Hoop Fitness, https://www.janbahmann.de/blog/hula-hoop-abnehmen
Spaß Abnehmen, https://www.janbahmann.de/blog/hula-hoop-abnehmen
Hula Hoop, https://www.janbahmann.de/blog/hula-hoop-abnehmen
Menopause Anzeichen, https://www.janbahmann.de/blog/menopause-symptome
Hormonschwankungen Frauen, https://www.janbahmann.de/blog/menopause-symptome
Menopause, https://www.janbahmann.de/blog/menopause-symptome
Insulinresistenz Ursachen, https://www.janbahmann.de/blog/insulinresistenz
Stoffwechsel Erkrankung, https://www.janbahmann.de/blog/insulinresistenz
Insulinresistenz, https://www.janbahmann.de/blog/insulinresistenz
Energiebedarf Berechnen, https://www.janbahmann.de/glossar/energiebedarf
Kalorienverbrauch Energie, https://www.janbahmann.de/glossar/energiebedarf
Energiebedarf Körper, https://www.janbahmann.de/glossar/energiebedarf
Energiebedarf, https://www.janbahmann.de/glossar/energiebedarf
Ernährungsplan Abnehmen, https://www.janbahmann.de/blog/ernaehrungsplan-abnehmen
Diätplan Erstellen, https://www.janbahmann.de/blog/ernaehrungsplan-abnehmen
Normalgewicht Berechnen, https://www.janbahmann.de/glossar/normalgewicht
Idealgewicht Erreichen, https://www.janbahmann.de/glossar/normalgewicht
Normalgewicht, https://www.janbahmann.de/glossar/normalgewicht
Idealgewicht, https://www.janbahmann.de/glossar/normalgewicht
Oreo Kuchen Rezept, https://www.janbahmann.de/blog/mini-oreokuchen
Mini Dessert, https://www.janbahmann.de/blog/mini-oreokuchen
Backen Leicht, https://www.janbahmann.de/blog/mini-oreokuchen
Oreo, https://www.janbahmann.de/blog/mini-oreokuchen
BMI Berechnen, https://www.janbahmann.de/blog/bmi
Körpergewicht Index, https://www.janbahmann.de/blog/bmi
Idealgewicht Festlegen, https://www.janbahmann.de/blog/bmi
BMI, https://www.janbahmann.de/blog/bmi
Ubichinon Funktion, https://www.janbahmann.de/glossar/ubichinon
Coenzym Q10, https://www.janbahmann.de/glossar/ubichinon
Energie Zellstoffwechsel, https://www.janbahmann.de/glossar/ubichinon
Ubichinon, https://www.janbahmann.de/glossar/ubichinon
Coenzym, https://www.janbahmann.de/glossar/ubichinon
Gesicht Abnehmen, https://www.janbahmann.de/blog/im-gesicht-abnehmen
Schlankes Gesicht, https://www.janbahmann.de/blog/im-gesicht-abnehmen
Gesichtsübungen Fettabbau, https://www.janbahmann.de/blog/im-gesicht-abnehmen
Gesicht, https://www.janbahmann.de/blog/im-gesicht-abnehmen
Bioverfügbarkeit Erhöhen, https://www.janbahmann.de/glossar/bioverfuegbarkeit
Nährstoffe Aufnahme, https://www.janbahmann.de/glossar/bioverfuegbarkeit
Gesundheit Optimieren, https://www.janbahmann.de/glossar/bioverfuegbarkeit
Bioverfügbarkeit, https://www.janbahmann.de/glossar/bioverfuegbarkeit
Apfel Kuchen, https://www.janbahmann.de/blog/apfelcake
Einfaches Rezept, https://www.janbahmann.de/blog/apfelcake
Gesund Backen, https://www.janbahmann.de/blog/apfelcake
Glykogen Funktion, https://www.janbahmann.de/glossar/glykogen
Kohlenhydrat Speicher, https://www.janbahmann.de/glossar/glykogen
Muskel Energie, https://www.janbahmann.de/glossar/glykogen
Glykogen, https://www.janbahmann.de/glossar/glykogen
Kohlenhydrat, https://www.janbahmann.de/glossar/glykogen
Sucralose Risiken, https://www.janbahmann.de/blog/sucralose-ungesund
Süßstoff Gesundheit, https://www.janbahmann.de/blog/sucralose-ungesund
Ungesunde Ernährung, https://www.janbahmann.de/blog/sucralose-ungesund
Sucralose, https://www.janbahmann.de/blog/sucralose-ungesund
Süßstoff, https://www.janbahmann.de/blog/sucralose-ungesund
Ungesund, https://www.janbahmann.de/blog/sucralose-ungesund
Gesunde Snacks, https://www.janbahmann.de/blog/snacks-zum-abnehmen
Abnehmen Zwischenmahlzeit, https://www.janbahmann.de/blog/snacks-zum-abnehmen
Kalorienarme Snacks, https://www.janbahmann.de/blog/snacks-zum-abnehmen
Snacks, https://www.janbahmann.de/blog/snacks-zum-abnehmen
Schwangerschaft Abnehmen, https://www.janbahmann.de/blog/abnehmen-in-der-schwangerschaft
Schwangerschaft Ernährung, https://www.janbahmann.de/blog/abnehmen-in-der-schwangerschaft
Schwangerschaft, https://www.janbahmann.de/blog/abnehmen-in-der-schwangerschaft
Familienmutter Abnehmen, https://www.janbahmann.de/blog/abnehmen-als-familienmutter
Mütter Diät, https://www.janbahmann.de/blog/abnehmen-als-familienmutter
Gesundes Familienessen, https://www.janbahmann.de/blog/abnehmen-als-familienmutter
Mütter, https://www.janbahmann.de/blog/abnehmen-als-familienmutter
Winkearme Übungen, https://www.janbahmann.de/blog/winkearme-loswerden
Arme Straffen, https://www.janbahmann.de/blog/winkearme-loswerden
Fitness Training, https://www.janbahmann.de/blog/winkearme-loswerden
Winkearme, https://www.janbahmann.de/blog/winkearme-loswerden
Straffen, https://www.janbahmann.de/blog/winkearme-loswerden
Menopause Symptome, https://www.janbahmann.de/glossar/menopause
Kinderriegel Kuchen, https://www.janbahmann.de/blog/kinderriegel-kuchen-cheat
Cheat Day Rezept, https://www.janbahmann.de/blog/kinderriegel-kuchen-cheat
Süßer Genuss, https://www.janbahmann.de/blog/kinderriegel-kuchen-cheat
Kinderriegel, https://www.janbahmann.de/blog/kinderriegel-kuchen-cheat
Sport Motivation, https://www.janbahmann.de/blog/wie-motiviere-ich-mich-zum-sport
Training anfangen, https://www.janbahmann.de/blog/wie-motiviere-ich-mich-zum-sport
Motivation Tipps, https://www.janbahmann.de/blog/wie-motiviere-ich-mich-zum-sport
Cortisol Stresshormon, https://www.janbahmann.de/blog/cortisol
Hormonelle Balance, https://www.janbahmann.de/blog/cortisol
Cortisol Auswirkungen, https://www.janbahmann.de/blog/cortisol
Cortisol, https://www.janbahmann.de/blog/cortisol
Stresshormon, https://www.janbahmann.de/blog/cortisol
Saftkur Diät, https://www.janbahmann.de/blog/saftkur-abnehmen
Abnehmen Entgiften, https://www.janbahmann.de/blog/saftkur-abnehmen
Detox Saftkur, https://www.janbahmann.de/blog/saftkur-abnehmen
Saftkur, https://www.janbahmann.de/blog/saftkur-abnehmen
Einfach Abnehmen, https://www.janbahmann.de/blog/so-wirst-du-leicht-und-einfach-nachhaltig-abnehmen
Gesunde Diät, https://www.janbahmann.de/blog/so-wirst-du-leicht-und-einfach-nachhaltig-abnehmen
Nachhaltig, https://www.janbahmann.de/blog/so-wirst-du-leicht-und-einfach-nachhaltig-abnehmen
Lipödem Abnehmen, https://www.janbahmann.de/blog/abnehmen-mit-lipoedem
Lipödem Behandlung, https://www.janbahmann.de/blog/abnehmen-mit-lipoedem
Fettgewebe Reduzieren, https://www.janbahmann.de/blog/abnehmen-mit-lipoedem
Lipödem, https://www.janbahmann.de/blog/abnehmen-mit-lipoedem
Paleo Ernährung, https://www.janbahmann.de/blog/paleo-diaet
Steinzeit Diät, https://www.janbahmann.de/blog/paleo-diaet
Kohlenhydratarme Diät, https://www.janbahmann.de/blog/paleo-diaet
Paleo, https://www.janbahmann.de/blog/paleo-diaet
Effektive Diät, https://www.janbahmann.de/blog/wie-nehme-ich-am-besten-ab
Kalzium Aufnahme, https://www.janbahmann.de/glossar/kalzium
Kalzium Bedeutung, https://www.janbahmann.de/glossar/kalzium
Kalzium Gesundheit, https://www.janbahmann.de/glossar/kalzium
Kalzium, https://www.janbahmann.de/glossar/kalzium
Langsam Essen, https://www.janbahmann.de/blog/langsamer-essen-geniessen
Essen Genießen, https://www.janbahmann.de/blog/langsamer-essen-geniessen
Achtsam Essen, https://www.janbahmann.de/blog/langsamer-essen-geniessen
Genießen, https://www.janbahmann.de/blog/langsamer-essen-geniessen
Achtsam, https://www.janbahmann.de/blog/langsamer-essen-geniessen
Blähbauch Tipps, https://www.janbahmann.de/blog/blaehbauch-vermeiden
Bauchbeschwerden Linderung, https://www.janbahmann.de/blog/blaehbauch-vermeiden
Gesunde Verdauung, https://www.janbahmann.de/blog/blaehbauch-vermeiden
Blähbauch, https://www.janbahmann.de/blog/blaehbauch-vermeiden
Bauchfett Reduzieren, https://www.janbahmann.de/blog/welchen-sport-gegen-bauchfett
Sportarten Bauchfett, https://www.janbahmann.de/blog/welchen-sport-gegen-bauchfett
Alltag Bewegung, https://www.janbahmann.de/blog/bewegung-im-alltag
Fitness Alltag, https://www.janbahmann.de/blog/bewegung-im-alltag
Aktiver Lebensstil, https://www.janbahmann.de/blog/bewegung-im-alltag
Abnehmen 40, https://www.janbahmann.de/blog/abnehmen-ab-40
Schilddrüsen Symptome, https://www.janbahmann.de/blog/schilddruesenunterfunktion-symptome
Schilddrüse, https://www.janbahmann.de/blog/schilddruesenunterfunktion-symptome
Hormonelle, https://www.janbahmann.de/blog/schilddruesenunterfunktion-symptome
Bananen Dattel, https://www.janbahmann.de/blog/suesses-bananen-dattel-brot
Süßes Brot, https://www.janbahmann.de/blog/suesses-bananen-dattel-brot
Bananen, https://www.janbahmann.de/blog/suesses-bananen-dattel-brot
Dattel, https://www.janbahmann.de/blog/suesses-bananen-dattel-brot
Xylit Vorteile, https://www.janbahmann.de/glossar/xylit
Zuckerersatz Xylit, https://www.janbahmann.de/glossar/xylit
Kalorienarmer Süßstoff, https://www.janbahmann.de/glossar/xylit
Xylit, https://www.janbahmann.de/glossar/xylit
Zuckerersatz, https://www.janbahmann.de/glossar/xylit
Cholesterin Senken, https://www.janbahmann.de/glossar/cholesterin
Blutfettwerte Cholesterin, https://www.janbahmann.de/glossar/cholesterin
Cholesterin Ernährung, https://www.janbahmann.de/glossar/cholesterin
Cholesterin, https://www.janbahmann.de/glossar/cholesterin
Blutfettwerte, https://www.janbahmann.de/glossar/cholesterin
Magnesiummangel Folgen, https://www.janbahmann.de/blog/magnesiummangel-gewichtszunahme
Magnesiummangel Symptome, https://www.janbahmann.de/blog/magnesiummangel-gewichtszunahme
Magnesiummangel, https://www.janbahmann.de/blog/magnesiummangel-gewichtszunahme
Reiterhosen Bekämpfen, https://www.janbahmann.de/blog/reiterhosen
Fettablagerungen Beine, https://www.janbahmann.de/blog/reiterhosen
Training Reiterhosen, https://www.janbahmann.de/blog/reiterhosen
Reiterhosen, https://www.janbahmann.de/blog/reiterhosen
Beine, https://www.janbahmann.de/blog/reiterhosen
Fettablagerungen, https://www.janbahmann.de/blog/reiterhosen
Vegan Abnehmen, https://www.janbahmann.de/blog/vegan-abnehmen
Pflanzliche Ernährung, https://www.janbahmann.de/blog/vegan-abnehmen
Vegan, https://www.janbahmann.de/blog/vegan-abnehmen
Detox Kur, https://www.janbahmann.de/blog/detox-kur
Entgiftung Körper, https://www.janbahmann.de/blog/detox-kur
Gesunde Entgiftung, https://www.janbahmann.de/blog/detox-kur
Detox, https://www.janbahmann.de/blog/detox-kur
Kur, https://www.janbahmann.de/blog/detox-kur
Entgiftung, https://www.janbahmann.de/blog/detox-kur
Abnehmen Schwierigkeiten, https://www.janbahmann.de/blog/wieso-nehme-ich-nicht-ab
Gewichtsverlust Blockaden, https://www.janbahmann.de/blog/wieso-nehme-ich-nicht-ab
Ursachen Übergewicht, https://www.janbahmann.de/blog/wieso-nehme-ich-nicht-ab
Bluthochdruck Tipps, https://www.janbahmann.de/blog/bluthochdruck-senken
Blutdruck Normalisieren, https://www.janbahmann.de/blog/bluthochdruck-senken
Herzgesundheit Förderung, https://www.janbahmann.de/blog/bluthochdruck-senken
Bluthochdruck, https://www.janbahmann.de/blog/bluthochdruck-senken
Blutdruck, https://www.janbahmann.de/blog/bluthochdruck-senken
Herzgesundheit, https://www.janbahmann.de/blog/bluthochdruck-senken
Zweifachzucker Definition, https://www.janbahmann.de/glossar/zweifachzucker
Zuckerarten Unterschiede, https://www.janbahmann.de/glossar/zweifachzucker
Kohlenhydrate Zucker, https://www.janbahmann.de/glossar/zweifachzucker
Zweifachzucker, https://www.janbahmann.de/glossar/zweifachzucker
Kinderbonbon Kuchen, https://www.janbahmann.de/blog/kinderbonbon-kuchen-cheat
Süße Versuchung, https://www.janbahmann.de/blog/kinderbonbon-kuchen-cheat
Kinderbonbon, https://www.janbahmann.de/blog/kinderbonbon-kuchen-cheat
Abnehmberatung Experten, https://www.janbahmann.de/blog/professionelle-hilfe-beim-abnehmen
Professionelle Unterstützung, https://www.janbahmann.de/blog/professionelle-hilfe-beim-abnehmen
Abnehmhilfe Tipps, https://www.janbahmann.de/blog/professionelle-hilfe-beim-abnehmen
Abnehmberatung, https://www.janbahmann.de/blog/professionelle-hilfe-beim-abnehmen
Unterstützung, https://www.janbahmann.de/blog/professionelle-hilfe-beim-abnehmen
Hilfe, https://www.janbahmann.de/blog/professionelle-hilfe-beim-abnehmen
Körperfett Abbau, https://www.janbahmann.de/blog/koerperfett-reduzieren
Effektives Training, https://www.janbahmann.de/blog/koerperfett-reduzieren
Yoga Abnehmen, https://www.janbahmann.de/blog/yoga-zum-abnehmen
Yoga Übungen, https://www.janbahmann.de/blog/yoga-zum-abnehmen
Fitness Yoga, https://www.janbahmann.de/blog/yoga-zum-abnehmen
Yoga, https://www.janbahmann.de/blog/yoga-zum-abnehmen
Hungerstoffwechsel Bedeutung, https://www.janbahmann.de/blog/hungerstoffwechsel
Ernährung Tipps, https://www.janbahmann.de/blog/hungerstoffwechsel
Hungerstoffwechsel, https://www.janbahmann.de/blog/hungerstoffwechsel
Hormon Funktion, https://www.janbahmann.de/glossar/hormon
Endokrines System, https://www.janbahmann.de/glossar/hormon
Hormon Balance, https://www.janbahmann.de/glossar/hormon
Hormon, https://www.janbahmann.de/glossar/hormon
Endokrin, https://www.janbahmann.de/glossar/hormon
Stoffwechseldiät Plan, https://www.janbahmann.de/glossar/stoffwechseldiaet
Diät Methode, https://www.janbahmann.de/glossar/stoffwechseldiaet
Stoffwechseldiät, https://www.janbahmann.de/glossar/stoffwechseldiaet
Doppelkinn Übungen, https://www.janbahmann.de/blog/doppelkinn-wegbekommen
Gesicht Straffen, https://www.janbahmann.de/blog/doppelkinn-wegbekommen
Fettabbau Kinn, https://www.janbahmann.de/blog/doppelkinn-wegbekommen
Doppelkinn, https://www.janbahmann.de/blog/doppelkinn-wegbekommen
Kokos Bananen, https://www.janbahmann.de/blog/kokos-bananen-kuchen
Kuchen Rezept, https://www.janbahmann.de/blog/kokos-bananen-kuchen
Gesunde Backen, https://www.janbahmann.de/blog/kokos-bananen-kuchen
Kokos, https://www.janbahmann.de/blog/kokos-bananen-kuchen
Hashimoto Symptome, https://www.janbahmann.de/glossar/hashimoto
Schilddrüse Autoimmun, https://www.janbahmann.de/glossar/hashimoto
Hormonelle Störung, https://www.janbahmann.de/glossar/hashimoto
Hashimoto, https://www.janbahmann.de/glossar/hashimoto
Autoimmun, https://www.janbahmann.de/glossar/hashimoto
Akupunktur Gewichtsverlust, https://www.janbahmann.de/blog/akupunktur-abnehmen
Abnehmen Alternativ, https://www.janbahmann.de/blog/akupunktur-abnehmen
Akupunktur Therapie, https://www.janbahmann.de/blog/akupunktur-abnehmen
Akupunktur, https://www.janbahmann.de/blog/akupunktur-abnehmen
Ernährungscoach Tipps, https://www.janbahmann.de/ernaehrung/der-richtige-ernaehrungscoach
Ernährungsberatung Auswahl, https://www.janbahmann.de/ernaehrung/der-richtige-ernaehrungscoach
Richtige Beratung, https://www.janbahmann.de/ernaehrung/der-richtige-ernaehrungscoach
Clean Eating, https://www.janbahmann.de/blog/clean-eating
Natürliche Lebensmittel, https://www.janbahmann.de/blog/clean-eating
Clean, https://www.janbahmann.de/blog/clean-eating
Körperfettanteil Bestimmen, https://www.janbahmann.de/blog/korperfettanteil-messen
Körperfett Messen, https://www.janbahmann.de/blog/korperfettanteil-messen
Fitness Messung, https://www.janbahmann.de/blog/korperfettanteil-messen
Messen, https://www.janbahmann.de/blog/korperfettanteil-messen
Kalorien Banane, https://www.janbahmann.de/glossar/wie-viele-kalorien-hat-eine-banane
Bananen Nährwerte, https://www.janbahmann.de/glossar/wie-viele-kalorien-hat-eine-banane
Banane Kaloriengehalt, https://www.janbahmann.de/glossar/wie-viele-kalorien-hat-eine-banane
Banane, https://www.janbahmann.de/glossar/wie-viele-kalorien-hat-eine-banane
Abnehmen Alter, https://www.janbahmann.de/blog/abnehmen-im-alter
Altersgerechte Ernährung, https://www.janbahmann.de/blog/abnehmen-im-alter
Intervallfasten Diät, https://www.janbahmann.de/blog/intervallfasten-abnehmen
Essenspausen Effekt, https://www.janbahmann.de/blog/intervallfasten-abnehmen
Intervallfasten, https://www.janbahmann.de/blog/intervallfasten-abnehmen
Low Carb Rezepte, https://www.janbahmann.de/blog/low-carb-diaet
Abnehmen Kohlenhydrate, https://www.janbahmann.de/blog/low-carb-diaet
Low Carb, https://www.janbahmann.de/blog/low-carb-diaet
Nährwerttabelle Erklärung, https://www.janbahmann.de/glossar/naehrwerttabelle
Nährstoffe Berechnen, https://www.janbahmann.de/glossar/naehrwerttabelle
Lebensmittel Vergleich, https://www.janbahmann.de/glossar/naehrwerttabelle
Nährwerttabelle, https://www.janbahmann.de/glossar/naehrwerttabelle
Nährstoffe, https://www.janbahmann.de/glossar/naehrwerttabelle
Schnelle Diät, https://www.janbahmann.de/blog/schnell-abnehmen
Effizientes Abnehmen, https://www.janbahmann.de/blog/schnell-abnehmen
Schnell, https://www.janbahmann.de/blog/schnell-abnehmen
Kalium Funktionen, https://www.janbahmann.de/glossar/kalium
Mineralstoff Kalium, https://www.janbahmann.de/glossar/kalium
Kaliumreich Ernährung, https://www.janbahmann.de/glossar/kalium
Kalium, https://www.janbahmann.de/glossar/kalium
Mineralstoff, https://www.janbahmann.de/glossar/kalium
Schilddrüsenentzündung Symptome, https://www.janbahmann.de/glossar/schilddruesenentzuendung
Entzündung Schilddrüse, https://www.janbahmann.de/glossar/schilddruesenentzuendung
Hormonelle Erkrankung, https://www.janbahmann.de/glossar/schilddruesenentzuendung
Schilddrüsenentzündung, https://www.janbahmann.de/glossar/schilddruesenentzuendung
Entzündung, https://www.janbahmann.de/glossar/schilddruesenentzuendung
Hyperglykämie Symptome, https://www.janbahmann.de/glossar/hyperglykaemie
Zuckerstoffwechsel Störung, https://www.janbahmann.de/glossar/hyperglykaemie
Hyperglykämie, https://www.janbahmann.de/glossar/hyperglykaemie
Störung, https://www.janbahmann.de/glossar/hyperglykaemie
Essenzielle Fette, https://www.janbahmann.de/glossar/essenzielle-fettsaeuren
Schwimmen Fitness, https://www.janbahmann.de/blog/schwimmen-abnehmen
Schwimmen Kalorienverbrauch, https://www.janbahmann.de/blog/schwimmen-abnehmen
Effektives Abnehmen, https://www.janbahmann.de/blog/schwimmen-abnehmen
Schwimmen, https://www.janbahmann.de/blog/schwimmen-abnehmen
Langfristiges Abnehmen, https://www.janbahmann.de/blog/abnehmen-ohne-crash-diaet-5-tipps-wie-das-geht
Nachhaltige Diät, https://www.janbahmann.de/blog/abnehmen-ohne-crash-diaet-5-tipps-wie-das-geht
Heißhunger Kontrolle, https://www.janbahmann.de/blog/heisshunger-stoppen
Appetit Zügeln, https://www.janbahmann.de/blog/heisshunger-stoppen
Essverhalten Tipps, https://www.janbahmann.de/blog/heisshunger-stoppen
Heißhunger, https://www.janbahmann.de/blog/heisshunger-stoppen
Kontrolle, https://www.janbahmann.de/blog/heisshunger-stoppen
Enzyme Funktion, https://www.janbahmann.de/glossar/enzyme
Enzymatische Reaktion, https://www.janbahmann.de/glossar/enzyme
Stoffwechsel Enzyme, https://www.janbahmann.de/glossar/enzyme
Enzyme, https://www.janbahmann.de/glossar/enzyme
Hormonelle Veränderung, https://www.janbahmann.de/glossar/hormonveraenderung
Hormonwechsel Symptome, https://www.janbahmann.de/glossar/hormonveraenderung
Hormonveränderung, https://www.janbahmann.de/glossar/hormonveraenderung
Vitamin D Mangel, https://www.janbahmann.de/blog/vitamin-d-mangel-gewichtszunahme
Vitamin Mangel, https://www.janbahmann.de/blog/vitamin-d-mangel-gewichtszunahme
Vitamin D, https://www.janbahmann.de/blog/vitamin-d-mangel-gewichtszunahme
Stoffwechsel Tipps, https://www.janbahmann.de/stoffwechsel-guide
Gesundheitsratgeber Stoffwechsel, https://www.janbahmann.de/stoffwechsel-guide
Bier Kalorien, https://www.janbahmann.de/glossar/wie-viele-kalorien-hat-ein-bier
Kaloriengehalt Bier, https://www.janbahmann.de/glossar/wie-viele-kalorien-hat-ein-bier
Alkohol Kalorien, https://www.janbahmann.de/glossar/wie-viele-kalorien-hat-ein-bier
Bier, https://www.janbahmann.de/glossar/wie-viele-kalorien-hat-ein-bier
Alkohol, https://www.janbahmann.de/glossar/wie-viele-kalorien-hat-ein-bier
Kollagen Gewichtszunahme, https://www.janbahmann.de/blog/gewichtszunahme-durch-kollagen
Kollagen Nebenwirkungen, https://www.janbahmann.de/blog/gewichtszunahme-durch-kollagen
Ernährung Kollagen, https://www.janbahmann.de/blog/gewichtszunahme-durch-kollagen
Kollagen, https://www.janbahmann.de/blog/gewichtszunahme-durch-kollagen
Cushing Symptome, https://www.janbahmann.de/blog/cushing-syndrom
Cushing Behandlung, https://www.janbahmann.de/blog/cushing-syndrom
Cushing, https://www.janbahmann.de/blog/cushing-syndrom
Süßkartoffelbrownies Rezept, https://www.janbahmann.de/blog/kuchen-rezepte-suesskartoffelbrownies
Gesunde Brownies, https://www.janbahmann.de/blog/kuchen-rezepte-suesskartoffelbrownies
Kuchen Backen, https://www.janbahmann.de/blog/kuchen-rezepte-suesskartoffelbrownies
Süßkartoffelbrownies, https://www.janbahmann.de/blog/kuchen-rezepte-suesskartoffelbrownies
Brownies, https://www.janbahmann.de/blog/kuchen-rezepte-suesskartoffelbrownies
Abnehmen Zeitrahmen, https://www.janbahmann.de/blog/wie-lange-dauert-es-10-kilo-abzunehmen
Gewicht Verlust, https://www.janbahmann.de/blog/wie-lange-dauert-es-10-kilo-abzunehmen
Zeitrahmen, https://www.janbahmann.de/blog/wie-lange-dauert-es-10-kilo-abzunehmen
Dukan Diätplan, https://www.janbahmann.de/blog/dukan-diaet
Diät Phasen, https://www.janbahmann.de/blog/dukan-diaet
Dukan, https://www.janbahmann.de/blog/dukan-diaet
Hormonbauch Symptome, https://www.janbahmann.de/blog/hormonbauch-frau
Bauchfett Hormonell, https://www.janbahmann.de/blog/hormonbauch-frau
Hormonbauch, https://www.janbahmann.de/blog/hormonbauch-frau
Binge Eating Störung, https://www.janbahmann.de/blog/binge-eating
Essattacken Kontrolle, https://www.janbahmann.de/blog/binge-eating
Ernährung Störung, https://www.janbahmann.de/blog/binge-eating
Binge, https://www.janbahmann.de/blog/binge-eating
Fettverbrennung Ankurbeln, https://www.janbahmann.de/blog/stoffwechsel-anregen
Gesundheit Stoffwechsel, https://www.janbahmann.de/blog/stoffwechsel-anregen
Wassereinlagerungen Tipps, https://www.janbahmann.de/blog/wassereinlagerungen-loswerden
Entwässerungskur Abnehmen, https://www.janbahmann.de/blog/wassereinlagerungen-loswerden
Gesundheit Entwässern, https://www.janbahmann.de/blog/wassereinlagerungen-loswerden
Wassereinlagerungen, https://www.janbahmann.de/blog/wassereinlagerungen-loswerden
DNA Test Abnehmen, https://www.janbahmann.de/blog/abnehmen-mit-dna-test
Genetische Ernährung, https://www.janbahmann.de/blog/abnehmen-mit-dna-test
Diät Personalisieren, https://www.janbahmann.de/blog/abnehmen-mit-dna-test
DNA, https://www.janbahmann.de/blog/abnehmen-mit-dna-test
Genetisch, https://www.janbahmann.de/blog/abnehmen-mit-dna-test
Unterstützung Abnehmen, https://www.janbahmann.de/abnehmen/hilfe-beim-abnehmen
Coaching Gesundheit, https://www.janbahmann.de/abnehmen/hilfe-beim-abnehmen
Abnehmhilfe, https://www.janbahmann.de/abnehmen/hilfe-beim-abnehmen
Nährstoffdichte Erklärung, https://www.janbahmann.de/glossar/naehrstoffdichte
Nährstoffreiche Lebensmittel, https://www.janbahmann.de/glossar/naehrstoffdichte
Nährstoffdichte, https://www.janbahmann.de/glossar/naehrstoffdichte
Joggen Fitness, https://www.janbahmann.de/blog/joggen-abnehmen
Kalorienverbrennung Laufen, https://www.janbahmann.de/blog/joggen-abnehmen
Ausdauertraining Abnehmen, https://www.janbahmann.de/blog/joggen-abnehmen
Joggen, https://www.janbahmann.de/blog/joggen-abnehmen
Laufen, https://www.janbahmann.de/blog/joggen-abnehmen
Ausdauertraining, https://www.janbahmann.de/blog/joggen-abnehmen
Abnehmen 50plus, https://www.janbahmann.de/blog/kann-man-mit-50-noch-abnehmen
Altersgerechte Diät, https://www.janbahmann.de/blog/kann-man-mit-50-noch-abnehmen
Gesundheit Ü50, https://www.janbahmann.de/blog/kann-man-mit-50-noch-abnehmen
Proteinpulver Nutzen, https://www.janbahmann.de/blog/ist-proteinpulver-schaedlich
Risiken Protein, https://www.janbahmann.de/blog/ist-proteinpulver-schaedlich
Nahrungsergänzung Gesundheit, https://www.janbahmann.de/blog/ist-proteinpulver-schaedlich
Proteinpulver, https://www.janbahmann.de/blog/ist-proteinpulver-schaedlich
Oberschenkel Fettabbau, https://www.janbahmann.de/blog/oberschenkel-abnehmen
Beintraining Abnehmen, https://www.janbahmann.de/blog/oberschenkel-abnehmen
Fitness Beine, https://www.janbahmann.de/blog/oberschenkel-abnehmen
Oberschenkel, https://www.janbahmann.de/blog/oberschenkel-abnehmen
Gallenblase Operation, https://www.janbahmann.de/blog/gallenblase-entfernt-gewichtszunahme
Gesundheit Gallenblase, https://www.janbahmann.de/blog/gallenblase-entfernt-gewichtszunahme
Gallenblase, https://www.janbahmann.de/blog/gallenblase-entfernt-gewichtszunahme
Trinkgewohnheiten Tipps, https://www.janbahmann.de/blog/so-schaffst-du-es-mehr-zu-trinken
Flüssigkeitszufuhr Erhöhen, https://www.janbahmann.de/blog/so-schaffst-du-es-mehr-zu-trinken
Gesundheit Trinken, https://www.janbahmann.de/blog/so-schaffst-du-es-mehr-zu-trinken
Trinkgewohnheiten, https://www.janbahmann.de/blog/so-schaffst-du-es-mehr-zu-trinken
Flüssigkeitszufuhr, https://www.janbahmann.de/blog/so-schaffst-du-es-mehr-zu-trinken
Emotionales Essen, https://www.janbahmann.de/blog/emotionales-essen-problematik-in-den-wechseljahren
Essverhalten Wechseljahre, https://www.janbahmann.de/blog/emotionales-essen-problematik-in-den-wechseljahren
Hormonelle Schwankungen, https://www.janbahmann.de/blog/emotionales-essen-problematik-in-den-wechseljahren
Emotional, https://www.janbahmann.de/blog/emotionales-essen-problematik-in-den-wechseljahren
Essverhalten, https://www.janbahmann.de/blog/emotionales-essen-problematik-in-den-wechseljahren
Schnell Abnehmen, https://www.janbahmann.de/abnehmen/schnell-abnehmen-frau
Lymphdrainage Effekt, https://www.janbahmann.de/blog/lymphdrainage-abnehmen
Entwässerung Abnehmen, https://www.janbahmann.de/blog/lymphdrainage-abnehmen
Gesundheitsbehandlung Lymphdrainage, https://www.janbahmann.de/blog/lymphdrainage-abnehmen
Lymphdrainage, https://www.janbahmann.de/blog/lymphdrainage-abnehmen
Entwässerung, https://www.janbahmann.de/blog/lymphdrainage-abnehmen
Antioxidantien Wirkung, https://www.janbahmann.de/glossar/antioxidantien
Zellschutz Gesundheit, https://www.janbahmann.de/glossar/antioxidantien
Aspartam Nebenwirkungen, https://www.janbahmann.de/glossar/aspartam
Künstlicher Süßstoff, https://www.janbahmann.de/glossar/aspartam
Zuckerersatz Aspartam, https://www.janbahmann.de/glossar/aspartam
Aspartam, https://www.janbahmann.de/glossar/aspartam
Kalorienfrei Abnehmen, https://www.janbahmann.de/blog/abnehmen-ohne-kalorien-zaehlen
Diät ohne Zählen, https://www.janbahmann.de/blog/abnehmen-ohne-kalorien-zaehlen
Kalorienfrei, https://www.janbahmann.de/blog/abnehmen-ohne-kalorien-zaehlen
Jojo-Effekt Prävention, https://www.janbahmann.de/blog/jojo-effekt-vermeiden
Nachhaltiges Abnehmen, https://www.janbahmann.de/blog/jojo-effekt-vermeiden
Diät Erfolge, https://www.janbahmann.de/blog/jojo-effekt-vermeiden
Jojo-Effekt, https://www.janbahmann.de/blog/jojo-effekt-vermeiden
Jojo, https://www.janbahmann.de/blog/jojo-effekt-vermeiden
Gewichtszunahme Zyklus, https://www.janbahmann.de/blog/gewichtszunahme-periode
Periode Gewicht, https://www.janbahmann.de/blog/gewichtszunahme-periode
Gewichtszunahme, https://www.janbahmann.de/blog/gewichtszunahme-periode
Zyklus, https://www.janbahmann.de/blog/gewichtszunahme-periode
Periode, https://www.janbahmann.de/blog/gewichtszunahme-periode
Nährstoffreiche Kost, https://www.janbahmann.de/blog/ausgewogene-ernaehrung
